zona,variedad,modelo_heat,horas_calor_promedio,horas_calor_std,horas_calor_min,horas_calor_max,n_observaciones_heat,zona_variedad_heat,modelo_cold,horas_frio_promedio,horas_frio_std,horas_frio_min,horas_frio_max,n_observaciones_cold,zona_variedad_cold
melipilla,santina,heat_hours,175.0,7.968688725254614,168.0,188.0,5,melipilla | santina,chill_hours,404.6,51.451919303365166,352.0,490.0,5.0,melipilla | santina
melipilla,santina,heat_hours,175.0,7.968688725254614,168.0,188.0,5,melipilla | santina,utah_cu,607.3,43.7444282166312,562.0,680.0,5.0,melipilla | santina
melipilla,santina,heat_hours,175.0,7.968688725254614,168.0,188.0,5,melipilla | santina,utah_positivo,718.0,49.40394721072396,670.0,801.5,5.0,melipilla | santina
melipilla,santina,hgc,6447.910099999999,540.8653459465132,5919.062033333334,7340.0012,5,melipilla | santina,chill_hours,404.6,51.451919303365166,352.0,490.0,5.0,melipilla | santina
melipilla,santina,hgc,6447.910099999999,540.8653459465132,5919.062033333334,7340.0012,5,melipilla | santina,utah_cu,607.3,43.7444282166312,562.0,680.0,5.0,melipilla | santina
melipilla,santina,hgc,6447.910099999999,540.8653459465132,5919.062033333334,7340.0012,5,melipilla | santina,utah_positivo,718.0,49.40394721072396,670.0,801.5,5.0,melipilla | santina
pichidegua,santina,heat_hours,92.8,13.292855223765883,72.0,106.0,5,pichidegua | santina,chill_hours,449.8,53.718711823721165,379.0,522.0,5.0,pichidegua | santina
pichidegua,santina,heat_hours,92.8,13.292855223765883,72.0,106.0,5,pichidegua | santina,utah_cu,672.1,37.764732224656385,613.5,712.5,5.0,pichidegua | santina
pichidegua,santina,heat_hours,92.8,13.292855223765883,72.0,106.0,5,pichidegua | santina,utah_positivo,707.6,37.764732224656385,649.0,748.0,5.0,pichidegua | santina
pichidegua,santina,hgc,4682.813233333333,526.3638089439218,4095.817,5433.166166666668,5,pichidegua | santina,chill_hours,449.8,53.718711823721165,379.0,522.0,5.0,pichidegua | santina
pichidegua,santina,hgc,4682.813233333333,526.3638089439218,4095.817,5433.166166666668,5,pichidegua | santina,utah_cu,672.1,37.764732224656385,613.5,712.5,5.0,pichidegua | santina
pichidegua,santina,hgc,4682.813233333333,526.3638089439218,4095.817,5433.166166666668,5,pichidegua | santina,utah_positivo,707.6,37.764732224656385,649.0,748.0,5.0,pichidegua | santina
santa ana,regina,heat_hours,54.0,0.0,54.0,54.0,5,santa ana | regina,chill_hours,718.2,35.39350222851646,656.0,745.0,5.0,santa ana | regina
santa ana,regina,heat_hours,54.0,0.0,54.0,54.0,5,santa ana | regina,utah_cu,872.2,39.75644601822451,803.0,901.0,5.0,santa ana | regina
santa ana,regina,heat_hours,54.0,0.0,54.0,54.0,5,santa ana | regina,utah_positivo,905.2,39.75644601822451,836.0,934.0,5.0,santa ana | regina
santa ana,regina,hgc,4084.396833333333,204.87261163952627,3979.716833333333,4450.1168333333335,5,santa ana | regina,chill_hours,718.2,35.39350222851646,656.0,745.0,5.0,santa ana | regina
santa ana,regina,hgc,4084.396833333333,204.87261163952627,3979.716833333333,4450.1168333333335,5,santa ana | regina,utah_cu,872.2,39.75644601822451,803.0,901.0,5.0,santa ana | regina
santa ana,regina,hgc,4084.396833333333,204.87261163952627,3979.716833333333,4450.1168333333335,5,santa ana | regina,utah_positivo,905.2,39.75644601822451,836.0,934.0,5.0,santa ana | regina
santa ana,santina,heat_hours,48.0,0.0,48.0,48.0,5,santa ana | santina,chill_hours,661.8,95.57824020141824,500.0,746.0,5.0,santa ana | santina
santa ana,santina,heat_hours,48.0,0.0,48.0,48.0,5,santa ana | santina,utah_cu,860.6,60.61497339766801,764.0,914.0,5.0,santa ana | santina
santa ana,santina,heat_hours,48.0,0.0,48.0,48.0,5,santa ana | santina,utah_positivo,893.7,61.941101055761024,795.0,948.0,5.0,santa ana | santina
santa ana,santina,hgc,3949.142666666666,249.4748784948096,3681.842666666667,4169.742666666667,5,santa ana | santina,chill_hours,661.8,95.57824020141824,500.0,746.0,5.0,santa ana | santina
santa ana,santina,hgc,3949.142666666666,249.4748784948096,3681.842666666667,4169.742666666667,5,santa ana | santina,utah_cu,860.6,60.61497339766801,764.0,914.0,5.0,santa ana | santina
santa ana,santina,hgc,3949.142666666666,249.4748784948096,3681.842666666667,4169.742666666667,5,santa ana | santina,utah_positivo,893.7,61.941101055761024,795.0,948.0,5.0,santa ana | santina
santa magdalena,regina,heat_hours,68.0,0.0,68.0,68.0,5,santa magdalena | regina,chill_hours,945.8,44.9521968317456,871.0,981.0,5.0,santa magdalena | regina
santa magdalena,regina,heat_hours,68.0,0.0,68.0,68.0,5,santa magdalena | regina,utah_cu,1009.3,52.62318880493655,928.5,1056.5,5.0,santa magdalena | regina
santa magdalena,regina,heat_hours,68.0,0.0,68.0,68.0,5,santa magdalena | regina,utah_positivo,1051.8,52.62318880493655,971.0,1099.0,5.0,santa magdalena | regina
santa magdalena,regina,hgc,3546.987166666667,104.29552722911949,3444.0671666666667,3673.067166666667,5,santa magdalena | regina,chill_hours,945.8,44.9521968317456,871.0,981.0,5.0,santa magdalena | regina
santa magdalena,regina,hgc,3546.987166666667,104.29552722911949,3444.0671666666667,3673.067166666667,5,santa magdalena | regina,utah_cu,1009.3,52.62318880493655,928.5,1056.5,5.0,santa magdalena | regina
santa magdalena,regina,hgc,3546.987166666667,104.29552722911949,3444.0671666666667,3673.067166666667,5,santa magdalena | regina,utah_positivo,1051.8,52.62318880493655,971.0,1099.0,5.0,santa magdalena | regina
sarmiento,kordia,heat_hours,92.8,2.6832815729997477,88.0,94.0,5,sarmiento | kordia,chill_hours,471.0,92.99193513418248,347.0,558.0,5.0,sarmiento | kordia
sarmiento,kordia,heat_hours,92.8,2.6832815729997477,88.0,94.0,5,sarmiento | kordia,utah_cu,654.9,38.455168703309575,595.0,690.0,5.0,sarmiento | kordia
sarmiento,kordia,heat_hours,92.8,2.6832815729997477,88.0,94.0,5,sarmiento | kordia,utah_positivo,685.6,40.907517646515785,621.5,724.0,5.0,sarmiento | kordia
sarmiento,kordia,hgc,5584.983333333334,269.9733838733,5127.023333333333,5832.423333333333,5,sarmiento | kordia,chill_hours,471.0,92.99193513418248,347.0,558.0,5.0,sarmiento | kordia
sarmiento,kordia,hgc,5584.983333333334,269.9733838733,5127.023333333333,5832.423333333333,5,sarmiento | kordia,utah_cu,654.9,38.455168703309575,595.0,690.0,5.0,sarmiento | kordia
sarmiento,kordia,hgc,5584.983333333334,269.9733838733,5127.023333333333,5832.423333333333,5,sarmiento | kordia,utah_positivo,685.6,40.907517646515785,621.5,724.0,5.0,sarmiento | kordia
sarmiento,regina,heat_hours,71.0,0.0,71.0,71.0,5,sarmiento | regina,,,,,,,
sarmiento,regina,hgc,4634.624833333333,114.35565136887668,4526.4248333333335,4758.724833333334,5,sarmiento | regina,,,,,,,
teno prado,kordia,heat_hours,60.2,1.7888543819998322,59.0,63.0,5,teno prado | kordia,chill_hours,347.4,26.819768828235635,313.0,376.0,5.0,teno prado | kordia
teno prado,kordia,heat_hours,60.2,1.7888543819998322,59.0,63.0,5,teno prado | kordia,utah_cu,606.3,24.603353429969665,575.5,633.0,5.0,teno prado | kordia
teno prado,kordia,heat_hours,60.2,1.7888543819998322,59.0,63.0,5,teno prado | kordia,utah_positivo,618.6,25.29673892026401,587.0,646.0,5.0,teno prado | kordia
teno prado,kordia,hgc,4650.589,234.59475058065553,4286.169,4912.269,5,teno prado | kordia,chill_hours,347.4,26.819768828235635,313.0,376.0,5.0,teno prado | kordia
teno prado,kordia,hgc,4650.589,234.59475058065553,4286.169,4912.269,5,teno prado | kordia,utah_cu,606.3,24.603353429969665,575.5,633.0,5.0,teno prado | kordia
teno prado,kordia,hgc,4650.589,234.59475058065553,4286.169,4912.269,5,teno prado | kordia,utah_positivo,618.6,25.29673892026401,587.0,646.0,5.0,teno prado | kordia
teno prado,regina,heat_hours,56.6,3.2863353450309964,53.0,59.0,5,teno prado | regina,,,,,,,
teno prado,regina,hgc,3751.349,263.126342276861,3364.069,3958.8689999999992,5,teno prado | regina,,,,,,,
viluco,santina,heat_hours,136.0,17.97220075561143,125.0,168.0,5,viluco | santina,chill_hours,547.8,60.931929232546054,463.0,620.0,5.0,viluco | santina
viluco,santina,heat_hours,136.0,17.97220075561143,125.0,168.0,5,viluco | santina,utah_cu,714.7,46.72338814769322,659.5,769.0,5.0,viluco | santina
viluco,santina,heat_hours,136.0,17.97220075561143,125.0,168.0,5,viluco | santina,utah_positivo,814.9,49.18383880910478,757.0,873.0,5.0,viluco | santina
viluco,santina,hgc,5217.184533333333,577.9880799070676,4783.078333333333,6215.879833333333,5,viluco | santina,chill_hours,547.8,60.931929232546054,463.0,620.0,5.0,viluco | santina
viluco,santina,hgc,5217.184533333333,577.9880799070676,4783.078333333333,6215.879833333333,5,viluco | santina,utah_cu,714.7,46.72338814769322,659.5,769.0,5.0,viluco | santina
viluco,santina,hgc,5217.184533333333,577.9880799070676,4783.078333333333,6215.879833333333,5,viluco | santina,utah_positivo,814.9,49.18383880910478,757.0,873.0,5.0,viluco | santina
wapri,kordia,heat_hours,93.4,1.3416407864998734,91.0,94.0,5,wapri | kordia,chill_hours,630.0,77.30135833217939,538.0,748.0,5.0,wapri | kordia
wapri,kordia,heat_hours,93.4,1.3416407864998734,91.0,94.0,5,wapri | kordia,utah_cu,772.1,72.43393541704054,691.5,872.0,5.0,wapri | kordia
wapri,kordia,heat_hours,93.4,1.3416407864998734,91.0,94.0,5,wapri | kordia,utah_positivo,813.3,73.90585227165707,731.5,915.0,5.0,wapri | kordia
wapri,kordia,hgc,3617.7538,70.08209816196529,3519.223,3717.4395,5,wapri | kordia,chill_hours,630.0,77.30135833217939,538.0,748.0,5.0,wapri | kordia
wapri,kordia,hgc,3617.7538,70.08209816196529,3519.223,3717.4395,5,wapri | kordia,utah_cu,772.1,72.43393541704054,691.5,872.0,5.0,wapri | kordia
wapri,kordia,hgc,3617.7538,70.08209816196529,3519.223,3717.4395,5,wapri | kordia,utah_positivo,813.3,73.90585227165707,731.5,915.0,5.0,wapri | kordia
wapri,regina,heat_hours,101.0,0.0,101.0,101.0,5,wapri | regina,chill_hours,795.8,23.97290136800301,760.0,825.0,5.0,wapri | regina
wapri,regina,heat_hours,101.0,0.0,101.0,101.0,5,wapri | regina,utah_cu,852.0,19.51922129594312,821.0,874.5,5.0,wapri | regina
wapri,regina,heat_hours,101.0,0.0,101.0,101.0,5,wapri | regina,utah_positivo,892.4,19.907285098676827,861.0,915.5,5.0,wapri | regina
wapri,regina,hgc,4814.672833333333,14.35033100663532,4804.1928333333335,4830.392833333333,5,wapri | regina,chill_hours,795.8,23.97290136800301,760.0,825.0,5.0,wapri | regina
wapri,regina,hgc,4814.672833333333,14.35033100663532,4804.1928333333335,4830.392833333333,5,wapri | regina,utah_cu,852.0,19.51922129594312,821.0,874.5,5.0,wapri | regina
wapri,regina,hgc,4814.672833333333,14.35033100663532,4804.1928333333335,4830.392833333333,5,wapri | regina,utah_positivo,892.4,19.907285098676827,861.0,915.5,5.0,wapri | regina
